WellID,CQ1_WellID
A01,W0001
A02,W0002
A03,W0003
A04,W0004
A05,W0005
A06,W0006
A07,W0007
A08,W0008
A09,W0009
A10,W0010
A11,W0011
A12,W0012
A13,W0013
A14,W0014
A15,W0015
A16,W0016
A17,W0017
A18,W0018
A19,W0019
A20,W0020
A21,W0021
A22,W0022
A23,W0023
A24,W0024
B01,W0025
B02,W0026
B03,W0027
B04,W0028
B05,W0029
B06,W0030
B07,W0031
B08,W0032
B09,W0033
B10,W0034
B11,W0035
B12,W0036
B13,W0037
B14,W0038
B15,W0039
B16,W0040
B17,W0041
B18,W0042
B19,W0043
B20,W0044
B21,W0045
B22,W0046
B23,W0047
B24,W0048
C01,W0049
C02,W0050
C03,W0051
C04,W0052
C05,W0053
C06,W0054
C07,W0055
C08,W0056
C09,W0057
C10,W0058
C11,W0059
C12,W0060
C13,W0061
C14,W0062
C15,W0063
C16,W0064
C17,W0065
C18,W0066
C19,W0067
C20,W0068
C21,W0069
C22,W0070
C23,W0071
C24,W0072
D01,W0073
D02,W0074
D03,W0075
D04,W0076
D05,W0077
D06,W0078
D07,W0079
D08,W0080
D09,W0081
D10,W0082
D11,W0083
D12,W0084
D13,W0085
D14,W0086
D15,W0087
D16,W0088
D17,W0089
D18,W0090
D19,W0091
D20,W0092
D21,W0093
D22,W0094
D23,W0095
D24,W0096
E01,W0097
E02,W0098
E03,W0099
E04,W0100
E05,W0101
E06,W0102
E07,W0103
E08,W0104
E09,W0105
E10,W0106
E11,W0107
E12,W0108
E13,W0109
E14,W0110
E15,W0111
E16,W0112
E17,W0113
E18,W0114
E19,W0115
E20,W0116
E21,W0117
E22,W0118
E23,W0119
E24,W0120
F01,W0121
F02,W0122
F03,W0123
F04,W0124
F05,W0125
F06,W0126
F07,W0127
F08,W0128
F09,W0129
F10,W0130
F11,W0131
F12,W0132
F13,W0133
F14,W0134
F15,W0135
F16,W0136
F17,W0137
F18,W0138
F19,W0139
F20,W0140
F21,W0141
F22,W0142
F23,W0143
F24,W0144
G01,W0145
G02,W0146
G03,W0147
G04,W0148
G05,W0149
G06,W0150
G07,W0151
G08,W0152
G09,W0153
G10,W0154
G11,W0155
G12,W0156
G13,W0157
G14,W0158
G15,W0159
G16,W0160
G17,W0161
G18,W0162
G19,W0163
G20,W0164
G21,W0165
G22,W0166
G23,W0167
G24,W0168
H01,W0169
H02,W0170
H03,W0171
H04,W0172
H05,W0173
H06,W0174
H07,W0175
H08,W0176
H09,W0177
H10,W0178
H11,W0179
H12,W0180
H13,W0181
H14,W0182
H15,W0183
H16,W0184
H17,W0185
H18,W0186
H19,W0187
H20,W0188
H21,W0189
H22,W0190
H23,W0191
H24,W0192
I01,W0193
I02,W0194
I03,W0195
I04,W0196
I05,W0197
I06,W0198
I07,W0199
I08,W0200
I09,W0201
I10,W0202
I11,W0203
I12,W0204
I13,W0205
I14,W0206
I15,W0207
I16,W0208
I17,W0209
I18,W0210
I19,W0211
I20,W0212
I21,W0213
I22,W0214
I23,W0215
I24,W0216
J01,W0217
J02,W0218
J03,W0219
J04,W0220
J05,W0221
J06,W0222
J07,W0223
J08,W0224
J09,W0225
J10,W0226
J11,W0227
J12,W0228
J13,W0229
J14,W0230
J15,W0231
J16,W0232
J17,W0233
J18,W0234
J19,W0235
J20,W0236
J21,W0237
J22,W0238
J23,W0239
J24,W0240
K01,W0241
K02,W0242
K03,W0243
K04,W0244
K05,W0245
K06,W0246
K07,W0247
K08,W0248
K09,W0249
K10,W0250
K11,W0251
K12,W0252
K13,W0253
K14,W0254
K15,W0255
K16,W0256
K17,W0257
K18,W0258
K19,W0259
K20,W0260
K21,W0261
K22,W0262
K23,W0263
K24,W0264
L01,W0265
L02,W0266
L03,W0267
L04,W0268
L05,W0269
L06,W0270
L07,W0271
L08,W0272
L09,W0273
L10,W0274
L11,W0275
L12,W0276
L13,W0277
L14,W0278
L15,W0279
L16,W0280
L17,W0281
L18,W0282
L19,W0283
L20,W0284
L21,W0285
L22,W0286
L23,W0287
L24,W0288
M01,W0289
M02,W0290
M03,W0291
M04,W0292
M05,W0293
M06,W0294
M07,W0295
M08,W0296
M09,W0297
M10,W0298
M11,W0299
M12,W0300
M13,W0301
M14,W0302
M15,W0303
M16,W0304
M17,W0305
M18,W0306
M19,W0307
M20,W0308
M21,W0309
M22,W0310
M23,W0311
M24,W0312
N01,W0313
N02,W0314
N03,W0315
N04,W0316
N05,W0317
N06,W0318
N07,W0319
N08,W0320
N09,W0321
N10,W0322
N11,W0323
N12,W0324
N13,W0325
N14,W0326
N15,W0327
N16,W0328
N17,W0329
N18,W0330
N19,W0331
N20,W0332
N21,W0333
N22,W0334
N23,W0335
N24,W0336
O01,W0337
O02,W0338
O03,W0339
O04,W0340
O05,W0341
O06,W0342
O07,W0343
O08,W0344
O09,W0345
O10,W0346
O11,W0347
O12,W0348
O13,W0349
O14,W0350
O15,W0351
O16,W0352
O17,W0353
O18,W0354
O19,W0355
O20,W0356
O21,W0357
O22,W0358
O23,W0359
O24,W0360
P01,W0361
P02,W0362
P03,W0363
P04,W0364
P05,W0365
P06,W0366
P07,W0367
P08,W0368
P09,W0369
P10,W0370
P11,W0371
P12,W0372
P13,W0373
P14,W0374
P15,W0375
P16,W0376
P17,W0377
P18,W0378
P19,W0379
P20,W0380
P21,W0381
P22,W0382
P23,W0383
P24,W0384
